Key;Label
Sample-1;1
Sample-2;1
Sample-3;1
Sample-4;0
Sample-5;1
Sample-6;1
Sample-7;1
Sample-8;0
Sample-9;1
Sample-10;1
Sample-11;1
Sample-12;0
Sample-13;1
Sample-14;1
Sample-15;0
Sample-16;1
Sample-17;1
Sample-18;1
Sample-19;1
Sample-20;1
Sample-21;1
Sample-22;1
Sample-23;0
Sample-24;1
Sample-25;1
Sample-26;1
Sample-27;1
Sample-28;1
Sample-29;0
Sample-30;1
Sample-31;0
Sample-32;0
Sample-33;1
Sample-34;0
Sample-35;1
Sample-36;0
Sample-37;1
Sample-38;0
Sample-39;0
Sample-40;1
Sample-41;0
Sample-42;1
Sample-43;1
Sample-44;1
Sample-45;1
Sample-46;0
Sample-47;0
Sample-48;1
Sample-49;1
Sample-50;0
Sample-51;1
Sample-52;1
Sample-53;0
Sample-54;1
Sample-55;1
Sample-56;0
Sample-57;1
Sample-58;1
Sample-59;1
Sample-60;1
Sample-61;1
Sample-62;1
Sample-63;1
Sample-64;1
Sample-65;1
Sample-66;1
Sample-67;1
Sample-68;1
Sample-69;1
Sample-70;0
Sample-71;1
Sample-72;1
Sample-73;0
Sample-74;1
Sample-75;0
Sample-76;1
Sample-77;1
Sample-78;1
Sample-79;1
Sample-80;1
Sample-81;1
Sample-82;0
Sample-83;1
Sample-84;0
Sample-85;1
Sample-86;1
Sample-87;1
Sample-88;1
Sample-89;1
Sample-90;1
Sample-91;0
Sample-92;1
Sample-93;1
Sample-94;0
Sample-95;1
Sample-96;1
Sample-97;1
Sample-98;1
Sample-99;1
Sample-100;1
Sample-101;1
Sample-102;1
Sample-103;1
Sample-104;1
Sample-105;1
Sample-106;1
Sample-107;0
Sample-108;1
Sample-109;1
Sample-110;1
Sample-111;1
Sample-112;1
Sample-113;1
Sample-114;1
Sample-115;0
Sample-116;1
Sample-117;1
Sample-118;1
Sample-119;0
Sample-120;1
Sample-121;1
Sample-122;1
Sample-123;1
Sample-124;1
Sample-125;0
Sample-126;1
Sample-127;1
Sample-128;1
Sample-129;1
Sample-130;1
Sample-131;0
Sample-132;0
Sample-133;0
Sample-134;1
Sample-135;1
Sample-136;0
Sample-137;1
Sample-138;1
Sample-139;1
Sample-140;1
Sample-141;1
Sample-142;1
Sample-143;1
Sample-144;1
Sample-145;1
Sample-146;1
Sample-147;1
Sample-148;0
Sample-149;1
Sample-150;1
Sample-151;1
Sample-152;0
Sample-153;1
Sample-154;1
Sample-155;1
Sample-156;0
Sample-157;1
Sample-158;0
Sample-159;1
Sample-160;0
Sample-161;1
Sample-162;1
Sample-163;1
Sample-164;1
Sample-165;0
Sample-166;1
Sample-167;1
Sample-168;1
Sample-169;0
Sample-170;1
Sample-171;1
Sample-172;0
Sample-173;1
Sample-174;0
Sample-175;0
Sample-176;1
Sample-177;1
Sample-178;0
Sample-179;1
Sample-180;1
Sample-181;1
Sample-182;1
Sample-183;1
Sample-184;1
Sample-185;1
Sample-186;0
Sample-187;1
Sample-188;1
Sample-189;1
Sample-190;0
Sample-191;0
Sample-192;1
Sample-193;0
Sample-194;0
Sample-195;1
Sample-196;1
Sample-197;1
Sample-198;1
Sample-199;0
Sample-200;0
Sample-201;1
Sample-202;0
Sample-203;0
Sample-204;0
Sample-205;0
Sample-206;0
Sample-207;1
Sample-208;1
Sample-209;1
Sample-210;1
Sample-211;0
Sample-212;1
Sample-213;1
Sample-214;1
Sample-215;1
Sample-216;0
Sample-217;1
Sample-218;0
Sample-219;1
Sample-220;0
Sample-221;0
Sample-222;1
Sample-223;1
Sample-224;0
Sample-225;1
Sample-226;1
Sample-227;0
Sample-228;0
Sample-229;1
Sample-230;1
Sample-231;1
Sample-232;1
Sample-233;1
Sample-234;0
Sample-235;1
Sample-236;0
Sample-237;1
Sample-238;0
Sample-239;1
Sample-240;1
Sample-241;1
Sample-242;1
Sample-243;1
Sample-244;1
Sample-245;1
Sample-246;1
Sample-247;1
Sample-248;1
Sample-249;0
Sample-250;1
Sample-251;1
Sample-252;0
Sample-253;0
Sample-254;1
Sample-255;0
Sample-256;1
Sample-257;1
Sample-258;1
Sample-259;1
Sample-260;0
Sample-261;1
Sample-262;1
Sample-263;1
Sample-264;1
Sample-265;1
Sample-266;1
Sample-267;1
Sample-268;1
Sample-269;1
Sample-270;1
Sample-271;1
Sample-272;1
Sample-273;1
Sample-274;1
Sample-275;1
Sample-276;1
Sample-277;1
Sample-278;1
Sample-279;1
Sample-280;1
Sample-281;1
Sample-282;0
Sample-283;1
Sample-284;1
Sample-285;0
Sample-286;1
Sample-287;1
Sample-288;0
Sample-289;0
Sample-290;1
Sample-291;1
Sample-292;1
Sample-293;1
Sample-294;0
Sample-295;1
Sample-296;0
Sample-297;0
Sample-298;1
Sample-299;0
Sample-300;0
Sample-301;1
Sample-302;1
Sample-303;1
Sample-304;1
Sample-305;1
Sample-306;1
Sample-307;1
Sample-308;1
Sample-309;1
Sample-310;1
Sample-311;1
Sample-312;0
Sample-313;0
Sample-314;1
Sample-315;1
Sample-316;1
Sample-317;1
Sample-318;1
Sample-319;1
Sample-320;1
Sample-321;1
Sample-322;1
Sample-323;1
Sample-324;1
Sample-325;1
Sample-326;1
Sample-327;0
Sample-328;1
Sample-329;1
Sample-330;0
Sample-331;1
Sample-332;1
Sample-333;1
Sample-334;1
Sample-335;0
Sample-336;0
Sample-337;0
Sample-338;1
Sample-339;1
Sample-340;1
Sample-341;0
Sample-342;1
Sample-343;1
Sample-344;1
Sample-345;1
Sample-346;1
Sample-347;1
Sample-348;1
Sample-349;1
Sample-350;0
Sample-351;1
Sample-352;1
Sample-353;1
Sample-354;0
Sample-355;0
Sample-356;1
Sample-357;1
Sample-358;1
Sample-359;0
Sample-360;1
Sample-361;0
Sample-362;1
Sample-363;1
Sample-364;1
Sample-365;1
Sample-366;0
Sample-367;0
Sample-368;1
Sample-369;1
Sample-370;1
Sample-371;1
Sample-372;1
Sample-373;1
Sample-374;1
Sample-375;1
Sample-376;1
Sample-377;1
Sample-378;1
Sample-379;0
Sample-380;1
Sample-381;1
Sample-382;1
Sample-383;0
Sample-384;0
Sample-385;1
Sample-386;1
Sample-387;1
Sample-388;1
Sample-389;0
Sample-390;1
Sample-391;1
Sample-392;1
Sample-393;0
Sample-394;1
Sample-395;1
Sample-396;0
Sample-397;1
Sample-398;1
Sample-399;1
Sample-400;1
Sample-401;1
Sample-402;1
Sample-403;1
Sample-404;0
Sample-405;1
Sample-406;1
Sample-407;0
Sample-408;1
Sample-409;1
Sample-410;0
Sample-411;1
Sample-412;0
Sample-413;1
Sample-414;1
Sample-415;1
Sample-416;1
Sample-417;0
Sample-418;0
Sample-419;1
Sample-420;1
Sample-421;0
Sample-422;1
Sample-423;1
Sample-424;1
Sample-425;0
Sample-426;1
Sample-427;1
Sample-428;1
Sample-429;1
Sample-430;0
Sample-431;1
Sample-432;1
Sample-433;1
Sample-434;0
Sample-435;1
Sample-436;1
Sample-437;1
Sample-438;0
Sample-439;0
Sample-440;1
Sample-441;1
Sample-442;1
Sample-443;1
Sample-444;1
Sample-445;1
Sample-446;1
Sample-447;1
Sample-448;1
Sample-449;1
Sample-450;1
Sample-451;1
Sample-452;1
Sample-453;1
Sample-454;1
Sample-455;0
Sample-456;0
Sample-457;0
Sample-458;1
Sample-459;1
Sample-460;0
Sample-461;1
Sample-462;1
Sample-463;1
Sample-464;0
Sample-465;1
Sample-466;1
Sample-467;1
Sample-468;1
Sample-469;1
Sample-470;1
Sample-471;1
Sample-472;0
Sample-473;1
Sample-474;1
Sample-475;1
Sample-476;1
Sample-477;0
Sample-478;1
Sample-479;0
Sample-480;0
Sample-481;1
Sample-482;1
Sample-483;1
Sample-484;0
Sample-485;0
Sample-486;1
Sample-487;1
Sample-488;1
Sample-489;1
Sample-490;1
Sample-491;0
Sample-492;0
Sample-493;1
Sample-494;1
Sample-495;1
Sample-496;1
Sample-497;0
Sample-498;1
Sample-499;0
Sample-500;1
Sample-501;0
Sample-502;1
Sample-503;0
Sample-504;1
Sample-505;1
Sample-506;0
Sample-507;1
Sample-508;1
Sample-509;1
Sample-510;0
Sample-511;1
Sample-512;1
Sample-513;1
Sample-514;1
Sample-515;1
Sample-516;1
Sample-517;1
Sample-518;1
Sample-519;1
Sample-520;0
Sample-521;1
Sample-522;1
Sample-523;0
Sample-524;1
